City_ID,City,Country,Date,Lat,Lng,Max Temp,Humidity,Cloudiness,Wind Speed
0,Bengkulu,ID,2022-02-02 05:35:23,-3.8004,102.2655,79.03,71,100,3.4
1,Moron,AR,2022-02-02 05:35:24,-34.6534,-58.6198,74.98,74,2,5.55
2,Saldanha,ZA,2022-02-02 05:34:00,-33.0117,17.9442,64.45,92,89,13.06
3,Punta Arenas,CL,2022-02-02 05:35:24,-53.15,-70.9167,44.71,70,75,14.97
4,Rikitea,PF,2022-02-02 05:35:25,-23.1203,-134.9692,78.3,68,95,5.1
5,Vila Franca Do Campo,PT,2022-02-02 05:27:16,37.7167,-25.4333,56.19,81,92,10.38
6,Jamestown,US,2022-02-02 05:31:26,42.097,-79.2353,36.72,50,40,7.0
7,Tairua,NZ,2022-02-02 05:35:25,-37.0167,175.85,72.09,89,100,11.88
8,Busselton,AU,2022-02-02 05:35:26,-33.65,115.3333,86.04,30,25,7.67
9,Cape Town,ZA,2022-02-02 05:35:03,-33.9258,18.4232,69.28,82,75,17.27
10,Provideniya,RU,2022-02-02 05:35:27,64.3833,-173.3,10.98,58,0,21.23
11,Hobart,AU,2022-02-02 05:35:27,-42.8794,147.3294,67.01,44,40,4.61
12,Gore,NZ,2022-02-02 05:35:28,-46.1028,168.9436,71.22,62,93,7.25
13,Tessalit,ML,2022-02-02 05:35:28,20.1986,1.0114,56.61,26,55,10.92
14,Touros,BR,2022-02-02 05:35:22,-5.1989,-35.4608,76.1,81,64,8.08
15,Longyearbyen,SJ,2022-02-02 05:35:29,78.2186,15.6401,19.24,79,40,9.22
16,Namibe,AO,2022-02-02 05:35:30,-15.1961,12.1522,71.87,67,100,8.5
17,Vanimo,PG,2022-02-02 05:35:30,-2.6741,141.3028,79.38,87,87,4.81
18,Hithadhoo,MV,2022-02-02 05:35:28,-0.6,73.0833,82.78,70,8,9.31
19,Cherskiy,RU,2022-02-02 05:35:31,68.75,161.3,9.0,64,100,5.77
20,Sibolga,ID,2022-02-02 05:35:31,1.7427,98.7792,83.57,68,92,4.03
21,Ostrovnoy,RU,2022-02-02 05:35:32,68.0531,39.5131,20.16,91,100,11.79
22,Torbay,CA,2022-02-02 05:35:30,47.6666,-52.7314,18.57,78,40,10.36
23,Carnarvon,AU,2022-02-02 05:35:32,-24.8667,113.6333,84.27,70,99,16.11
24,Atuona,PF,2022-02-02 05:35:33,-9.8,-139.0333,78.71,75,13,20.0
25,Chinhoyi,ZW,2022-02-02 05:35:33,-17.3667,30.2,68.49,88,9,7.52
26,Vaini,TO,2022-02-02 05:35:34,-21.2,-175.2,84.36,74,20,6.91
27,Yellowknife,CA,2022-02-02 05:35:34,62.456,-114.3525,-31.45,75,0,0.0
28,Sakaiminato,JP,2022-02-02 05:30:07,35.55,133.2333,46.38,49,75,14.97
29,Qaanaaq,GL,2022-02-02 05:35:35,77.484,-69.3632,-22.85,61,96,9.22
30,Arraial Do Cabo,BR,2022-02-02 05:35:35,-22.9661,-42.0278,75.56,87,92,6.2
31,Caravelas,BR,2022-02-02 05:28:43,-17.7125,-39.2481,75.85,95,85,6.46
32,Sikasso,ML,2022-02-02 05:35:36,10.9167,-7.0,65.8,14,42,5.28
33,Ambilobe,MG,2022-02-02 05:35:36,-13.2,49.05,79.68,83,100,3.71
34,Birnin Kebbi,NG,2022-02-02 05:35:37,12.4539,4.1975,58.68,18,67,8.81
35,Dzidzantun,MX,2022-02-02 05:35:37,21.25,-89.05,68.77,82,6,5.68
36,Launceston,AU,2022-02-02 05:31:56,-41.45,147.1667,69.8,37,75,4.0
37,Copiapo,CL,2022-02-02 05:31:33,-27.3667,-70.3333,64.09,72,0,1.81
38,Mar Del Plata,AR,2022-02-02 05:35:38,-38.0023,-57.5575,68.09,90,60,3.44
39,Charleston,US,2022-02-02 05:35:09,32.7766,-79.9309,49.01,75,20,4.0
40,Isangel,VU,2022-02-02 05:34:10,-19.55,169.2667,84.31,84,75,0.0
41,Airai,TL,2022-02-02 05:35:39,-8.9266,125.4092,74.55,54,44,6.06
42,Otukpo,NG,2022-02-02 05:35:39,7.1913,8.1329,69.76,38,38,5.41
43,Manjacaze,MZ,2022-02-02 05:35:40,-24.7117,33.8828,81.97,63,1,2.51
44,Lompoc,US,2022-02-02 05:33:42,34.6391,-120.4579,55.71,56,0,11.5
45,Anloga,GH,2022-02-02 05:35:40,5.7947,0.8973,73.62,74,5,5.5
46,Brae,GB,2022-02-02 05:36:41,60.3964,-1.353,40.91,75,99,14.41
47,Ushuaia,AR,2022-02-02 05:34:38,-54.8,-68.3,40.66,87,40,29.93
48,Laguna,US,2022-02-02 05:27:24,38.421,-121.4238,57.49,36,0,7.0
49,Paamiut,GL,2022-02-02 05:36:41,61.994,-49.6678,-2.11,93,94,8.77
50,Makakilo City,US,2022-02-02 05:25:26,21.3469,-158.0858,73.72,67,0,5.75
51,New Norfolk,AU,2022-02-02 05:36:42,-42.7826,147.0587,68.67,34,88,4.0
52,Kodiak,US,2022-02-02 05:36:42,57.79,-152.4072,36.91,87,100,8.05
53,Tabas,IR,2022-02-02 05:36:43,33.5959,56.9244,46.85,54,8,4.43
54,Kapaa,US,2022-02-02 05:36:43,22.0752,-159.319,75.18,75,0,10.36
55,Castro,BR,2022-02-02 05:36:44,-24.7911,-50.0119,60.96,99,70,4.85
56,Sheridan,US,2022-02-02 05:36:44,44.8333,-106.9173,14.18,72,0,3.0
57,Hilo,US,2022-02-02 05:35:13,19.7297,-155.09,71.33,89,75,3.44
58,Hermanus,ZA,2022-02-02 05:34:41,-34.4187,19.2345,68.9,81,3,10.27
59,Moose Factory,CA,2022-02-02 05:28:37,51.2585,-80.6094,33.8,75,100,21.85
60,Kruisfontein,ZA,2022-02-02 05:36:45,-34.0033,24.7314,85.39,49,100,3.78
61,Wawa,NG,2022-02-02 05:36:46,9.9022,4.4192,66.18,25,6,5.12
62,Yerbogachen,RU,2022-02-02 05:36:46,61.2767,108.0108,-6.21,94,76,1.7
63,Albany,US,2022-02-02 05:33:03,42.6001,-73.9662,30.78,73,100,1.01
64,Belmonte,BR,2022-02-02 05:36:47,-15.8631,-38.8828,77.5,85,6,5.84
65,Roald,NO,2022-02-02 05:36:48,62.5833,6.1333,36.91,69,20,17.27
66,Nanortalik,GL,2022-02-02 05:36:48,60.1432,-45.2371,4.42,69,22,17.13
67,Tuktoyaktuk,CA,2022-02-02 05:36:48,69.4541,-133.0374,-27.4,68,0,3.44
68,Bluff,NZ,2022-02-02 05:36:49,-46.6,168.3333,71.8,90,94,9.75
69,Waipawa,NZ,2022-02-02 05:36:49,-41.4122,175.5153,72.23,54,72,7.16
70,Narsaq,GL,2022-02-02 05:28:49,60.9167,-46.05,8.82,79,12,5.14
71,Palmer,US,2022-02-02 05:36:50,42.1584,-72.3287,31.03,76,100,1.01
72,Tasiilaq,GL,2022-02-02 05:35:57,65.6145,-37.6368,14.16,87,100,6.46
73,Sochi,RU,2022-02-02 05:36:50,43.6,39.7303,50.09,81,100,13.78
74,Clyde River,CA,2022-02-02 05:36:51,70.4692,-68.5914,-28.97,75,75,3.44
75,Mitsamiouli,KM,2022-02-02 05:36:51,-11.3847,43.2844,84.49,74,20,2.3
76,Bredasdorp,ZA,2022-02-02 05:36:52,-34.5322,20.0403,67.32,88,13,6.91
77,Hasilpur,PK,2022-02-02 05:36:52,29.7122,72.5553,72.14,20,57,8.37
78,Port Hardy,CA,2022-02-02 05:26:41,50.6996,-127.4199,38.75,93,75,4.61
79,Vila Do Maio,CV,2022-02-02 05:36:53,15.1333,-23.2167,77.79,83,63,16.8
80,Honiara,SB,2022-02-02 05:28:45,-9.4333,159.95,84.74,70,70,5.97
81,Faanui,PF,2022-02-02 05:36:53,-16.4833,-151.75,81.19,76,9,19.86
82,Wairoa,NZ,2022-02-02 05:36:54,-39.0333,177.3667,80.6,54,96,4.0
83,Leningradskiy,RU,2022-02-02 05:36:54,69.3833,178.4167,-13.68,96,40,9.73
84,Almaznyy,RU,2022-02-02 05:36:55,48.0448,40.045,33.94,99,100,8.84
85,Mataura,NZ,2022-02-02 05:36:55,-46.1927,168.8643,71.47,63,96,6.69
86,Sapulpa,US,2022-02-02 05:36:56,35.9987,-96.1142,42.48,90,100,10.36
87,Buenos Aires,AR,2022-02-02 05:32:44,-34.6132,-58.3772,74.97,72,0,3.44
88,Morondava,MG,2022-02-02 05:36:56,-20.2833,44.2833,84.45,73,8,5.5
89,Anqing,CN,2022-02-02 05:36:57,30.5092,117.0506,37.11,96,100,8.19
90,Avera,US,2022-02-02 05:27:21,33.194,-82.5271,48.07,77,16,10.25
91,Puerto El Triunfo,SV,2022-02-02 05:36:57,13.2833,-88.55,77.92,80,0,3.62
92,Butaritari,KI,2022-02-02 05:35:52,3.0707,172.7902,81.9,78,30,14.92
93,Hovd,MN,2022-02-02 05:37:17,48.0056,91.6419,-1.52,84,100,3.09
94,Chuy,UY,2022-02-02 05:37:58,-33.6971,-53.4616,61.02,81,0,6.13
95,Lata,PT,2022-02-02 05:37:46,40.1629,-8.3327,55.72,80,0,5.46
96,Chapais,CA,2022-02-02 05:37:59,49.7834,-74.8492,24.58,89,100,16.37
97,Oktyabrskoye,RU,2022-02-02 05:37:59,43.0645,44.7417,24.94,93,40,4.47
98,Tateyama,JP,2022-02-02 05:38:00,34.9833,139.8667,53.87,44,32,4.97
99,Georgetown,MY,2022-02-02 05:38:00,5.4112,100.3354,89.55,73,20,1.01
100,Udachnyy,RU,2022-02-02 05:38:00,66.4167,112.4,-26.39,99,72,1.63
101,Plerin,FR,2022-02-02 05:38:01,48.5425,-2.7798,47.97,94,100,4.0
102,Severo-Kurilsk,RU,2022-02-02 05:38:01,50.6789,156.125,29.17,78,100,5.7
103,Ribeira Grande,PT,2022-02-02 05:34:27,38.5167,-28.7,59.38,75,28,11.68
104,Ahipara,NZ,2022-02-02 05:38:02,-35.1667,173.1667,72.73,75,100,12.37
105,Cayenne,GF,2022-02-02 05:38:03,4.9333,-52.3333,74.08,92,75,1.14
106,Ponta Do Sol,PT,2022-02-02 05:38:03,32.6667,-17.1,66.7,55,100,10.04
107,Lagoa,PT,2022-02-02 05:38:03,39.05,-27.9833,58.68,68,7,12.12
108,Colares,PT,2022-02-02 05:38:04,38.7992,-9.4469,52.32,57,0,5.01
109,Adrar,MR,2022-02-02 05:38:04,20.5022,-10.0711,64.96,21,35,11.05
110,Kiruna,SE,2022-02-02 05:34:27,67.8557,20.2251,9.52,92,100,3.44
111,Nikolskoye,RU,2022-02-02 05:38:05,59.7035,30.7861,24.69,98,98,2.15
112,Bulungu,CD,2022-02-02 05:38:05,-4.55,18.6,73.31,81,100,0.27
113,Maceio,BR,2022-02-02 05:35:52,-9.6658,-35.7353,76.44,94,0,5.75
114,Chingola,ZM,2022-02-02 05:38:06,-12.529,27.8838,65.01,93,100,4.16
115,Innisfail,AU,2022-02-02 05:37:49,-17.5333,146.0333,85.05,80,97,6.82
116,Saskylakh,RU,2022-02-02 05:38:07,71.9167,114.0833,-28.26,100,44,1.68
117,Bintulu,MY,2022-02-02 05:38:07,3.1667,113.0333,90.01,74,20,5.75
118,Chokwe,MZ,2022-02-02 05:38:07,-24.5333,32.9833,82.67,62,0,1.36
119,Sundsvall,SE,2022-02-02 05:38:08,62.3913,17.3063,3.16,85,88,5.75
120,Fort Nelson,CA,2022-02-02 05:38:08,58.8053,-122.7002,-24.21,76,0,3.44
121,Port Alfred,ZA,2022-02-02 05:34:29,-33.5906,26.891,82.72,64,97,7.78
122,Kaitangata,NZ,2022-02-02 05:38:09,-46.2817,169.8464,78.93,62,77,3.67
123,Riyadh,SA,2022-02-02 05:36:58,24.6877,46.7219,50.05,66,0,9.22
124,Katsuura,JP,2022-02-02 05:37:10,35.1333,140.3,50.14,32,14,3.94
125,Bethel,US,2022-02-02 05:38:10,41.3712,-73.414,33.76,76,100,0.0
126,Halifax,CA,2022-02-02 05:36:00,44.6453,-63.5724,20.21,84,43,10.36
127,Sitka,US,2022-02-02 05:38:11,57.0531,-135.33,31.89,80,100,20.71
128,Ilulissat,GL,2022-02-02 05:38:11,69.2167,-51.1,5.02,51,100,14.97
129,Mahebourg,MU,2022-02-02 05:38:12,-20.4081,57.7,82.69,83,75,27.63
130,Carutapera,BR,2022-02-02 05:38:12,-1.195,-46.02,76.28,91,84,6.76
131,Corovode,AL,2022-02-02 05:38:13,40.5042,20.2272,33.69,88,85,4.88
132,Vao,NC,2022-02-02 05:38:13,-22.6667,167.4833,78.39,85,80,15.61
133,Kavieng,PG,2022-02-02 05:37:12,-2.5744,150.7967,83.12,70,100,7.92
134,Barrow,US,2022-02-02 05:39:14,71.2906,-156.7887,-16.58,69,0,8.05
135,Cuenca,EC,2022-02-02 05:39:15,-2.8833,-78.9833,57.33,94,100,3.44
136,Codrington,AU,2022-02-02 05:39:15,-38.2667,141.9667,62.64,51,78,15.21
137,Arlit,NE,2022-02-02 05:39:16,18.7369,7.3853,57.31,18,36,7.16
138,Salalah,OM,2022-02-02 05:39:16,17.0151,54.0924,73.49,49,0,3.44
139,Talnakh,RU,2022-02-02 05:39:16,69.4865,88.3972,2.21,96,100,7.14
140,Mamlyutka,KZ,2022-02-02 05:39:17,54.9375,68.5394,17.62,88,48,9.17
141,Saint Paul,US,2022-02-02 05:39:17,44.9444,-93.0933,5.88,71,0,11.5
142,Grindavik,IS,2022-02-02 05:39:18,63.8424,-22.4338,30.67,86,75,11.5
143,Port Elizabeth,ZA,2022-02-02 05:34:56,-33.918,25.5701,80.89,74,0,3.44
144,Tokur,RU,2022-02-02 05:39:18,53.1333,132.9,-1.68,80,60,3.47
145,Tiksi,RU,2022-02-02 05:37:07,71.6872,128.8694,-7.83,97,100,8.16
146,Semey,KZ,2022-02-02 05:36:46,50.4111,80.2275,-0.18,85,0,2.24
147,Gamba,GA,2022-02-02 05:39:19,-2.65,10.0,77.47,84,100,5.17
148,Puerto Ayora,EC,2022-02-02 05:39:20,-0.7393,-90.3518,73.54,96,98,4.68
149,Saint-Pierre,RE,2022-02-02 05:39:20,-21.3393,55.4781,83.84,89,100,36.82
150,Hamilton,US,2022-02-02 05:34:49,39.1834,-84.5333,50.63,51,100,10.36
151,Mount Isa,AU,2022-02-02 05:39:21,-20.7333,139.5,92.97,46,75,11.5
152,Hasaki,JP,2022-02-02 05:39:21,35.7333,140.8333,48.6,29,1,19.73
153,Vrangel,RU,2022-02-02 05:39:21,42.7297,133.0839,23.05,45,0,15.23
154,Kapit,MY,2022-02-02 05:39:22,2.0167,112.9333,92.95,46,62,2.53
155,Khatanga,RU,2022-02-02 05:39:22,71.9667,102.5,-37.95,98,37,1.95
156,Norman Wells,CA,2022-02-02 05:35:46,65.282,-126.8329,-27.36,75,75,2.3
157,Nishihara,JP,2022-02-02 05:39:23,26.1842,127.7558,65.68,94,100,3.44
158,Zabol,AF,2022-02-02 05:39:23,32.25,67.25,39.88,79,93,17.22
159,Valdivia,CL,2022-02-02 05:39:22,-39.8142,-73.2459,51.89,99,24,2.01
160,Usinsk,RU,2022-02-02 05:39:24,65.9939,57.5281,4.26,88,99,7.45
161,Coahuayana,MX,2022-02-02 05:39:24,18.7333,-103.6833,66.63,71,0,3.87
162,Pochutla,MX,2022-02-02 05:39:25,15.7432,-96.4661,76.05,83,0,4.03
163,Iqaluit,CA,2022-02-02 05:39:26,63.7506,-68.5145,-4.27,76,100,20.0
164,Armidale,AU,2022-02-02 05:39:26,-30.5167,151.65,65.25,96,100,2.48
165,Solnechnyy,RU,2022-02-02 05:39:26,50.7214,136.6319,5.0,90,100,3.0
166,Nome,US,2022-02-02 05:39:27,64.5011,-165.4064,19.47,49,0,34.52
167,Mananara,MG,2022-02-02 05:39:27,-16.1667,49.7667,81.79,62,99,7.85
168,Constitucion,CL,2022-02-02 05:39:28,-35.3333,-72.4167,55.63,92,11,4.54
169,Oussouye,SN,2022-02-02 05:39:28,12.485,-16.5469,75.38,31,4,7.11
170,Ancud,CL,2022-02-02 05:39:28,-41.8697,-73.8203,58.23,93,100,3.67
171,Kloulklubed,PW,2022-02-02 05:39:29,7.0419,134.2556,82.9,84,100,21.32
172,Port Hedland,AU,2022-02-02 05:39:29,-20.3167,118.5667,87.85,70,100,9.22
173,Esperance,AU,2022-02-02 05:39:30,-33.8667,121.9,76.84,50,11,25.46
174,Coquimbo,CL,2022-02-02 05:39:30,-29.9533,-71.3436,62.33,88,0,3.44
175,Sri Aman,MY,2022-02-02 05:39:31,1.2376,111.4621,89.65,70,40,2.3
176,Lahan,NP,2022-02-02 05:39:31,26.7296,86.4951,69.62,47,1,11.83
177,Takoradi,GH,2022-02-02 05:39:32,4.8845,-1.7554,76.77,88,90,4.9
178,Bambous Virieux,MU,2022-02-02 05:39:32,-20.3428,57.7575,82.65,83,75,27.63
179,Dudinka,RU,2022-02-02 05:39:32,69.4058,86.1778,2.62,93,98,11.03
180,Aklavik,CA,2022-02-02 05:40:33,68.2191,-135.0107,-17.57,100,98,3.71
181,Mananjary,MG,2022-02-02 05:40:33,-21.2167,48.3333,80.46,68,83,7.85
182,Debre Zeyit,ET,2022-02-02 05:40:34,8.75,38.9833,62.96,50,84,8.32
183,Kitimat,CA,2022-02-02 05:40:34,54.0524,-128.6534,26.98,95,100,1.95
184,Upernavik,GL,2022-02-02 05:37:18,72.7868,-56.1549,-12.3,70,100,4.52
185,Auki,SB,2022-02-02 05:40:35,-8.7676,160.7034,82.58,81,51,9.17
186,Bondo,CD,2022-02-02 05:40:35,3.8146,23.6866,72.84,38,99,1.23
187,Mogocha,RU,2022-02-02 05:40:36,53.7333,119.7667,5.58,57,90,6.67
188,Caxito,AO,2022-02-02 05:40:36,-8.5785,13.6643,72.84,86,66,2.39
189,Waingapu,ID,2022-02-02 05:40:37,-9.6567,120.2641,89.02,60,8,15.73
190,Thompson,CA,2022-02-02 05:40:37,55.7435,-97.8558,-23.64,62,0,8.05
191,Boyuibe,BO,2022-02-02 05:40:38,-20.4167,-63.2833,66.72,79,79,4.79
192,Griffith,US,2022-02-02 05:40:38,41.5284,-87.4237,34.63,91,100,1.01
193,Jiayuguan,CN,2022-02-02 05:40:39,39.8167,98.3,28.85,24,3,8.77
194,Eyrarbakki,IS,2022-02-02 05:40:39,63.863,-21.1481,30.25,86,100,1.43
195,Obigarm,TJ,2022-02-02 05:40:40,38.7173,69.7088,35.1,74,100,2.8
196,Kununurra,AU,2022-02-02 05:40:40,-15.7667,128.7333,91.38,55,93,16.11
197,Guerrero Negro,MX,2022-02-02 05:38:30,27.9769,-114.0611,59.58,74,94,10.92
198,Mazagao,BR,2022-02-02 05:40:41,-0.115,-51.2894,78.85,98,42,3.02
199,Saint-Philippe,RE,2022-02-02 05:40:41,-21.3585,55.7679,85.55,95,100,24.7
200,Paraguacu,BR,2022-02-02 05:40:42,-21.5472,-45.7375,66.24,98,100,1.61
201,Bolu,TR,2022-02-02 05:40:42,40.6667,31.5833,36.28,94,100,6.96
202,Isla Mujeres,MX,2022-02-02 05:40:43,21.2311,-86.731,75.25,70,47,12.55
203,Shieli,KZ,2022-02-02 05:40:43,44.1667,66.75,33.46,71,17,4.81
204,Perbaungan,ID,2022-02-02 05:40:44,3.5679,98.956,87.91,58,100,6.4
205,Oron,NG,2022-02-02 05:40:44,4.8256,8.2343,75.27,86,27,3.78
206,Cidreira,BR,2022-02-02 05:35:45,-30.1811,-50.2056,72.66,81,0,14.27
207,Luderitz,NA,2022-02-02 05:40:45,-26.6481,15.1594,65.03,88,65,8.68
208,Trelew,AR,2022-02-02 05:40:45,-43.249,-65.3051,72.21,32,35,14.18
209,Puerto Rondon,CO,2022-02-02 05:40:46,6.2805,-71.1,75.47,50,100,6.44
210,Dikson,RU,2022-02-02 05:40:46,73.5069,80.5464,0.27,94,99,15.1
211,Geraldton,AU,2022-02-02 05:40:47,-28.7667,114.6,106.21,12,1,17.27
212,Damaturu,NG,2022-02-02 05:40:47,11.747,11.9608,55.85,22,2,5.44
213,Ruteng,ID,2022-02-02 05:40:48,-8.6136,120.4721,76.1,61,17,5.68
214,Lebu,CL,2022-02-02 05:40:48,-37.6167,-73.65,57.0,94,13,7.56
215,Madang,PG,2022-02-02 05:40:49,-5.2246,145.7966,75.42,93,100,5.03
216,Sept-Iles,CA,2022-02-02 05:40:00,50.2001,-66.3821,7.32,83,90,5.99
217,Dunedin,NZ,2022-02-02 05:40:49,-45.8742,170.5036,74.8,72,73,3.0
218,Kahului,US,2022-02-02 05:40:50,20.8947,-156.47,73.42,75,0,12.66
219,Barcelos,PT,2022-02-02 05:37:42,41.5388,-8.6151,57.34,75,0,6.93
220,Monte Patria,CL,2022-02-02 05:40:51,-30.6919,-70.9467,66.24,73,5,1.99
221,Half Moon Bay,US,2022-02-02 05:40:51,37.4636,-122.4286,57.07,31,0,13.8
222,Qandala,SO,2022-02-02 05:40:51,11.472,49.8728,76.59,69,21,6.53
223,Ojinaga,MX,2022-02-02 05:40:52,29.5667,-104.4167,63.55,23,0,4.61
224,Faya,SA,2022-02-02 05:40:53,18.3851,42.4509,55.51,38,2,2.08
225,Rawson,AR,2022-02-02 05:40:53,-43.3002,-65.1023,71.94,36,42,14.14
226,Broome,US,2022-02-02 05:41:53,42.2506,-75.833,30.02,74,0,3.0
227,Guanare,VE,2022-02-02 05:41:54,9.0418,-69.7421,80.62,54,19,5.75
228,Kyshtovka,RU,2022-02-02 05:41:54,56.555,76.6271,11.46,97,100,5.86
229,Kresttsy,RU,2022-02-02 05:41:55,58.2452,32.5165,15.49,97,100,4.47
230,Parnarama,BR,2022-02-02 05:41:55,-5.6817,-43.0933,72.34,75,17,2.01
231,Kieta,PG,2022-02-02 05:41:56,-6.2167,155.6333,83.71,71,83,11.61
232,East London,ZA,2022-02-02 05:41:56,-33.0153,27.9116,79.74,73,0,4.61
233,Te Anau,NZ,2022-02-02 05:41:57,-45.4167,167.7167,65.73,98,100,4.5
234,Krasnoselkup,RU,2022-02-02 05:41:57,65.7,82.4667,-11.87,100,97,1.01
235,Westport,US,2022-02-02 05:41:58,41.1415,-73.3579,35.02,75,90,4.0
236,Saint George,US,2022-02-02 05:39:28,37.1041,-113.5841,39.63,29,0,1.99
237,Riviere-Au-Renard,CA,2022-02-02 05:38:24,48.9957,-64.3971,10.4,85,100,11.88
238,Berlevag,NO,2022-02-02 05:41:59,70.8578,29.0864,14.0,79,82,9.69
239,Chernyshevsk,RU,2022-02-02 05:41:59,52.5243,117.0174,-6.38,89,26,3.53
240,Chokurdakh,RU,2022-02-02 05:42:00,70.6333,147.9167,-4.68,90,100,4.23
241,Joue-Les-Tours,FR,2022-02-02 05:42:00,47.3522,0.6691,48.09,81,75,1.99
242,Iranshahr,IR,2022-02-02 05:42:01,27.2025,60.6848,64.74,34,0,4.61
243,Avarua,CK,2022-02-02 05:42:01,-21.2078,-159.775,80.65,83,75,12.66
244,Shangrao,CN,2022-02-02 05:42:02,28.4532,117.9686,37.11,97,100,3.58
245,Sao Miguel Do Araguaia,BR,2022-02-02 05:42:02,-13.275,-50.1628,70.92,94,78,0.92
246,Panama City,PA,2022-02-02 05:42:03,8.9936,-79.5197,76.42,83,100,5.75
247,Lahat,ID,2022-02-02 05:42:03,-3.8,103.5333,83.23,63,96,2.42
248,Benghazi,LY,2022-02-02 05:42:03,32.1167,20.0667,55.58,65,67,20.15
249,Borogontsy,RU,2022-02-02 05:42:04,62.6683,131.1683,-19.32,92,100,1.7
250,Alofi,NU,2022-02-02 05:39:52,-19.0595,-169.9187,76.89,88,7,4.61
251,Cheney,US,2022-02-02 05:42:04,47.4874,-117.5758,26.94,52,20,0.0
252,Besikduzu,TR,2022-02-02 05:42:05,41.052,39.2284,60.69,66,79,10.85
253,Nsanje,MW,2022-02-02 05:42:05,-16.92,35.262,79.95,77,0,1.72
254,Valparaiso,CL,2022-02-02 05:42:06,-33.0393,-71.6273,65.48,73,0,4.61
255,Marienburg,PL,2022-02-02 05:42:06,54.0359,19.0266,35.85,98,100,12.44
256,Mount Gambier,AU,2022-02-02 05:42:07,-37.8333,140.7667,67.91,37,90,14.97
257,Sayyan,YE,2022-02-02 05:42:07,15.1718,44.3244,55.6,40,71,6.89
258,Biltine,TD,2022-02-02 05:42:07,14.5333,20.9167,61.68,21,2,1.92
259,Saint Simons,US,2022-02-02 05:42:08,31.1352,-81.3901,58.06,92,90,11.5
260,Kalmunai,LK,2022-02-02 05:42:08,7.4167,81.8167,80.58,62,4,6.58
261,Comodoro Rivadavia,AR,2022-02-02 05:42:09,-45.8667,-67.5,60.66,67,0,10.36
262,Xuanwu,CN,2022-02-02 05:42:10,32.069,118.8138,40.8,56,100,7.9
263,Tignere,CM,2022-02-02 05:42:10,7.3667,12.65,59.02,24,38,1.05
264,Asheville,US,2022-02-02 05:37:31,35.6009,-82.554,38.61,81,0,1.99
265,Champerico,GT,2022-02-02 05:42:11,14.3,-91.9167,80.35,74,0,5.79
266,Kiboga,UG,2022-02-02 05:42:11,0.9161,31.7742,73.09,57,98,1.32
267,Souillac,MU,2022-02-02 05:42:12,-20.5167,57.5167,82.78,83,75,27.63
268,Inverell,AU,2022-02-02 05:42:12,-29.7833,151.1167,69.91,93,100,1.88
269,Oranjemund,NA,2022-02-02 05:42:13,-28.55,16.4333,66.18,85,59,12.06
270,Cabo San Lucas,MX,2022-02-02 05:42:13,22.8909,-109.9124,68.5,70,0,11.99
271,Tera,NE,2022-02-02 05:42:14,14.0078,0.7531,61.81,11,89,8.61
272,Pisco,PE,2022-02-02 05:42:14,-13.7,-76.2167,68.05,83,0,9.22
273,Sikeston,US,2022-02-02 05:42:14,36.8767,-89.5879,53.56,76,100,6.91
274,Urucui,BR,2022-02-02 05:43:15,-7.2294,-44.5561,75.87,75,38,2.01
275,Ternate,ID,2022-02-02 05:43:16,0.8,127.4,80.65,74,100,5.41
276,Doha,QA,2022-02-02 05:43:16,25.2867,51.5333,66.18,60,0,17.27
277,Prado,BR,2022-02-02 05:43:17,-17.3411,-39.2208,75.58,93,77,7.07
278,Ngunguru,NZ,2022-02-02 05:43:17,-35.6167,174.5,74.16,88,100,14.54
279,Tawang,IN,2022-02-02 05:43:18,27.5833,91.8667,41.02,53,5,7.4
280,Inuvik,CA,2022-02-02 05:38:59,68.3499,-133.7218,-17.54,72,20,4.61
281,Tilichiki,RU,2022-02-02 05:43:18,60.4667,166.1,12.51,91,100,9.69
282,Pacific Grove,US,2022-02-02 05:42:10,36.6177,-121.9166,52.43,61,0,3.0
283,Lorengau,PG,2022-02-02 05:43:19,-2.0226,147.2712,77.07,85,100,3.83
284,Qaqortoq,GL,2022-02-02 05:43:19,60.7167,-46.0333,9.1,88,6,4.92
285,Sao Filipe,CV,2022-02-02 05:43:20,14.8961,-24.4956,72.91,74,6,10.92
286,Fairbanks,US,2022-02-02 05:43:21,64.8378,-147.7164,-10.39,73,1,0.0
287,Bairiki,KI,2022-02-02 05:43:21,1.3292,172.9752,86.0,74,40,4.61
288,Fortuna,US,2022-02-02 05:43:21,40.5982,-124.1573,46.98,81,100,3.0
289,Strezhevoy,RU,2022-02-02 05:43:22,60.7333,77.5889,1.38,97,85,3.06
290,Mitchell,US,2022-02-02 05:43:21,43.7094,-98.0298,7.11,60,0,7.0
291,Ixtapa,MX,2022-02-02 05:42:21,20.7,-105.2,67.23,82,0,0.0
292,Ouadda,CF,2022-02-02 05:43:23,8.0777,22.4007,67.98,25,36,3.8
293,Knysna,ZA,2022-02-02 05:43:23,-34.0363,23.0471,75.58,64,87,2.35
294,Asfi,MA,2022-02-02 05:43:24,32.2994,-9.2372,59.83,44,63,9.48
295,Phalombe,MW,2022-02-02 05:43:24,-15.8064,35.6507,74.26,80,0,2.13
296,Malpe,IN,2022-02-02 05:43:26,13.35,74.7167,87.1,53,28,5.35
297,Bhadasar,IN,2022-02-02 05:43:26,28.2833,74.3167,70.72,21,0,8.46
298,Machali,CL,2022-02-02 05:43:26,-34.1833,-70.6667,60.4,65,20,2.01
299,San Lorenzo,PY,2022-02-02 05:43:27,-25.3333,-57.5333,76.59,53,0,0.0
300,Kita,ML,2022-02-02 05:43:27,13.0349,-9.4895,66.94,15,2,6.08
301,Kamskoye Ustye,RU,2022-02-02 05:43:28,55.2016,49.268,24.8,94,73,12.24
302,Svetlogorsk,BY,2022-02-02 05:43:28,52.6333,29.7333,21.88,94,87,10.18
303,Namatanai,PG,2022-02-02 05:43:29,-3.6667,152.4333,81.12,77,97,9.24
304,Raga,SS,2022-02-02 05:43:29,8.4596,25.678,69.85,24,62,4.59
305,Visegrad,BA,2022-02-02 05:43:29,43.7847,19.2992,21.04,98,94,1.81
306,Mehamn,NO,2022-02-02 05:43:30,71.0357,27.8492,21.38,92,0,13.8
307,Bastrop,US,2022-02-02 05:43:30,32.7562,-91.8724,58.82,94,100,10.63
308,Sistranda,NO,2022-02-02 05:43:31,63.7256,8.834,23.9,71,100,2.48
309,Kavaratti,IN,2022-02-02 05:43:32,10.5669,72.642,80.71,67,5,7.99
310,Ciudad Bolivar,VE,2022-02-02 05:43:32,8.1222,-63.5497,76.41,76,66,12.88
311,Yamada,JP,2022-02-02 05:42:31,39.4667,141.95,37.54,45,87,10.85
312,Talaya,RU,2022-02-02 05:43:32,61.3833,152.75,-13.99,99,100,4.85
313,Ulaangom,MN,2022-02-02 05:43:33,49.9811,92.0667,-15.18,89,91,2.71
314,Boyarka,UA,2022-02-02 05:44:34,50.3191,30.2973,23.14,55,0,8.95
315,Kingsville,US,2022-02-02 05:44:34,27.5159,-97.8561,63.82,97,0,1.01
316,Gizo,SB,2022-02-02 05:44:34,-8.103,156.8419,84.4,72,95,13.85
317,Luba,GQ,2022-02-02 05:44:35,3.4568,8.5547,78.69,82,41,4.63
318,Haines Junction,CA,2022-02-02 05:42:28,60.7522,-137.5108,-14.85,76,100,0.0
319,Aykhal,RU,2022-02-02 05:44:35,66.0,111.5,-15.38,99,17,1.52
320,Little Current,CA,2022-02-02 05:44:36,45.9793,-81.9248,39.25,84,100,15.1
321,Kinsale,IE,2022-02-02 05:44:36,51.7075,-8.5306,45.77,87,40,5.75
322,Nioro,GM,2022-02-02 05:44:37,13.35,-15.75,74.43,16,10,6.53
323,Samarai,PG,2022-02-02 05:44:37,-10.6167,150.6667,83.95,73,100,11.77
324,Ust-Kuyga,RU,2022-02-02 05:44:38,70.0167,135.6,-20.33,98,100,1.72
325,Karratha,AU,2022-02-02 05:44:38,-20.7377,116.8463,89.11,62,99,13.69
326,Sorong,ID,2022-02-02 05:44:39,-0.8833,131.25,82.49,70,100,5.86
327,Hami,CN,2022-02-02 05:44:39,42.8,93.45,27.66,24,100,1.88
328,Najran,SA,2022-02-02 05:44:40,17.4924,44.1277,57.85,35,6,5.44
329,Gryazi,RU,2022-02-02 05:44:40,52.4966,39.9359,11.88,96,99,7.07
330,Sandila,IN,2022-02-02 05:44:41,27.0833,80.5167,53.51,44,0,4.07
331,Araouane,ML,2022-02-02 05:44:41,18.9048,-3.5265,62.65,22,43,14.03
332,Stornoway,GB,2022-02-02 05:44:42,58.2093,-6.3865,45.03,92,75,1.99
333,Dalvik,IS,2022-02-02 05:44:42,65.9702,-18.5286,12.13,81,64,6.91
334,Pulwama,IN,2022-02-02 05:44:43,33.874,74.8996,40.37,49,45,1.92
335,Mookane,BW,2022-02-02 05:44:43,-23.688,26.6595,73.8,66,1,11.01
336,Marquette,US,2022-02-02 05:44:43,46.5333,-87.6335,15.24,83,96,12.53
337,Siloam Springs,US,2022-02-02 05:44:44,36.1881,-94.5405,55.85,98,90,18.41
338,Miranda,CO,2022-02-02 05:44:44,3.2499,-76.2281,68.13,90,45,4.14
339,Zhezkazgan,KZ,2022-02-02 05:42:26,47.8043,67.7144,4.98,92,90,6.71
340,Japura,ID,2022-02-02 05:44:45,-0.3167,102.35,87.24,65,85,1.81
341,San Patricio,US,2022-02-02 05:44:46,28.017,-97.5169,63.9,89,9,7.67
342,Xinqing,CN,2022-02-02 05:44:46,48.2333,129.5,10.96,70,96,8.75
343,Puerto Boyaca,CO,2022-02-02 05:44:46,5.9758,-74.5885,72.27,89,16,1.32
344,Pevek,RU,2022-02-02 05:44:47,69.7008,170.3133,-6.36,76,100,2.98
345,Conakry,GN,2022-02-02 05:40:15,9.538,-13.6773,77.07,94,20,2.3
346,Carauari,BR,2022-02-02 05:44:48,-4.8828,-66.8958,72.34,99,85,0.98
347,Leua,SK,2022-02-02 05:43:23,48.2156,18.6071,37.22,97,99,14.9
348,Khasan,RU,2022-02-02 05:44:48,42.4308,130.6434,25.65,40,1,17.98
349,Cabedelo,BR,2022-02-02 05:44:49,-6.9811,-34.8339,77.67,76,39,7.92
350,Sabang,ID,2022-02-02 05:44:49,5.8933,95.3214,82.24,70,27,10.11
351,Bangui,CF,2022-02-02 05:44:50,4.3612,18.555,64.58,68,78,3.44
352,Mattru,SL,2022-02-02 05:44:50,7.6244,-11.8332,70.72,99,70,1.9
353,Mogadishu,SO,2022-02-02 05:41:13,2.0371,45.3438,80.47,78,75,13.8
354,Sarangani,PH,2022-02-02 05:44:51,5.4033,125.4636,81.25,76,98,23.47
355,Peniche,PT,2022-02-02 05:44:51,39.3558,-9.3811,50.45,71,0,13.29
356,Severo-Yeniseyskiy,RU,2022-02-02 05:44:52,60.3725,93.0408,13.44,89,85,6.08
357,Aguimes,ES,2022-02-02 05:44:52,27.9054,-15.4461,66.67,59,20,8.05
358,Diego De Almagro,CL,2022-02-02 05:44:53,-26.3667,-70.05,61.12,54,0,1.97
359,Malindi,KE,2022-02-02 05:44:53,-3.2175,40.1191,77.16,88,75,0.0
360,Leo,BF,2022-02-02 05:44:54,11.1,-2.1,61.43,11,90,8.23
361,Qorveh,IR,2022-02-02 05:45:54,35.1664,47.8045,25.79,75,9,2.57
362,Dariba,IN,2022-02-02 05:45:55,24.95,74.1333,75.31,26,2,5.73
363,Preeceville,CA,2022-02-02 05:45:56,51.95,-102.6677,-16.26,96,59,10.36
364,San Mateo Del Mar,MX,2022-02-02 05:45:56,16.2,-95.0,78.17,82,3,12.03
365,Huarmey,PE,2022-02-02 05:45:57,-10.0681,-78.1522,70.66,82,86,8.01
366,Boende,CD,2022-02-02 05:45:58,-0.2167,20.8667,77.07,49,100,0.92
367,Wajima,JP,2022-02-02 05:45:58,37.4,136.9,34.48,100,75,4.61
368,Barrhead,GB,2022-02-02 05:45:59,55.7992,-4.3929,47.73,93,90,1.01
369,Petropavlovka,RU,2022-02-02 05:46:01,50.6114,105.3196,9.55,78,35,2.48
370,Marsh Harbour,BS,2022-02-02 05:46:01,26.5412,-77.0636,68.45,56,100,17.13
371,Luton,GB,2022-02-02 05:41:57,51.8797,-0.4175,49.93,90,75,12.66
372,Mao,ES,2022-02-02 05:42:27,39.8885,4.2658,52.36,87,20,12.66
373,San Policarpo,PH,2022-02-02 05:46:02,12.1791,125.5072,80.06,82,43,10.22
374,Brigantine,US,2022-02-02 05:43:31,39.4101,-74.3646,26.33,93,0,3.44
375,Uvinza,TZ,2022-02-02 05:46:03,-5.1036,30.3911,66.85,93,100,1.36
376,Port Blair,IN,2022-02-02 05:46:03,11.6667,92.75,81.39,62,43,9.31
377,Sinaloa,MX,2022-02-02 05:46:04,25.0,-107.5,51.12,72,4,2.39
378,Porto Novo,BJ,2022-02-02 05:46:04,6.4965,2.6036,73.22,77,9,4.56
379,Port Lincoln,AU,2022-02-02 05:45:09,-34.7333,135.8667,65.17,55,52,19.37
380,Yulara,AU,2022-02-02 05:46:05,-25.2406,130.9889,71.44,88,100,13.8
381,Bauchi,NG,2022-02-02 05:46:05,10.5,10.0,54.91,22,2,2.62
382,Londiani,KE,2022-02-02 05:46:06,-0.165,35.5909,61.74,67,96,7.43
383,Kayes,ML,2022-02-02 05:46:07,14.0,-11.0,70.65,14,0,6.42
384,San Cristobal,VE,2022-02-02 05:46:08,7.7669,-72.225,66.38,64,52,1.59
385,Sokol,RU,2022-02-02 05:46:08,59.4617,40.1206,20.05,97,100,4.38
386,Taltal,CL,2022-02-02 05:45:24,-25.4,-70.4833,64.85,83,2,0.6
387,Bushehr,IR,2022-02-02 05:46:09,28.9684,50.8385,60.82,72,0,6.91
388,Hambantota,LK,2022-02-02 05:46:10,6.1241,81.1185,84.54,65,20,11.5
389,El Roble,CO,2022-02-02 05:46:10,9.1019,-75.1951,74.16,82,0,4.27
390,Balch Springs,US,2022-02-02 05:46:11,32.7287,-96.6228,61.02,89,100,1.99
391,Altay,CN,2022-02-02 05:46:11,47.8667,88.1167,15.03,79,89,0.74
392,Drayton Valley,CA,2022-02-02 05:46:12,53.2168,-114.9854,-9.53,91,35,3.71
393,Belyy Yar,RU,2022-02-02 05:46:12,53.6039,91.3903,-5.91,77,99,0.0
394,Yertarskiy,RU,2022-02-02 05:46:13,56.7902,64.2995,24.39,92,100,11.21
395,Kiunga,PG,2022-02-02 05:46:13,-6.1219,141.2906,76.55,88,100,1.74
396,Hofn,IS,2022-02-02 05:46:14,64.2539,-15.2082,26.06,77,40,10.78
397,Mufumbwe,ZM,2022-02-02 05:46:15,-13.6833,24.8,67.51,90,100,2.93
398,Batagay-Alyta,RU,2022-02-02 05:46:15,67.8006,130.4114,-8.16,99,100,2.28
399,Kysyl-Syr,RU,2022-02-02 05:46:16,63.8986,122.7617,-16.47,96,99,7.05
400,Hobyo,SO,2022-02-02 05:46:17,5.3505,48.5268,80.35,68,90,19.28
401,Baykit,RU,2022-02-02 05:46:17,61.67,96.37,3.11,97,94,2.21
402,Pangnirtung,CA,2022-02-02 05:46:18,66.1451,-65.7125,-10.44,81,80,5.08
403,Sioux Lookout,CA,2022-02-02 05:46:18,50.1001,-91.917,-2.13,78,100,14.97
404,Ostersund,SE,2022-02-02 05:46:19,63.1792,14.6357,10.85,100,100,3.44
405,Akureyri,IS,2022-02-02 05:46:19,65.6835,-18.0878,12.13,85,0,0.0
406,Wanxian,CN,2022-02-02 05:46:20,30.8039,108.3897,46.36,70,100,2.51
407,Sindor,RU,2022-02-02 05:46:20,62.8629,51.8905,23.79,96,100,6.13
408,Shirokiy,RU,2022-02-02 05:47:21,49.758,129.523,1.83,83,72,9.44
409,Coihaique,CL,2022-02-02 05:43:46,-45.5752,-72.0662,57.15,54,0,12.66
410,Dingle,PH,2022-02-02 05:47:22,10.9995,122.6711,84.76,65,100,13.58
411,Vostok,RU,2022-02-02 05:47:22,46.4856,135.8833,5.63,88,100,8.75
412,Shimoda,JP,2022-02-02 05:47:23,34.6667,138.95,53.96,35,25,16.37
413,Bandarbeyla,SO,2022-02-02 05:47:23,9.4942,50.8122,78.69,65,35,18.07
414,Bingerville,CI,2022-02-02 05:47:24,5.3584,-3.8869,76.14,100,20,2.3
415,Houten,NL,2022-02-02 05:47:24,52.0268,5.1694,48.04,85,100,10.58
416,Vilhena,BR,2022-02-02 05:47:25,-12.7406,-60.1458,65.82,98,75,2.39
417,Vardo,NO,2022-02-02 05:42:33,70.3705,31.1107,16.0,62,100,14.81
418,Manokwari,ID,2022-02-02 05:47:25,-0.8667,134.0833,81.81,76,100,8.93
419,Merke,KZ,2022-02-02 05:47:26,42.8728,73.1786,38.52,43,59,2.62
420,Calvinia,ZA,2022-02-02 05:47:26,-31.4707,19.776,70.97,70,96,4.21
421,Siniscola,IT,2022-02-02 05:47:27,40.5719,9.6922,51.35,88,1,7.56
422,Bogalusa,US,2022-02-02 05:47:27,30.791,-89.8487,62.35,94,100,8.05
423,Sambava,MG,2022-02-02 05:47:27,-14.2667,50.1667,80.49,64,100,3.36
424,Mareeba,AU,2022-02-02 05:47:28,-17.0,145.4333,87.44,74,100,1.79
425,Port Moresby,PG,2022-02-02 05:47:28,-9.4431,147.1797,74.62,94,100,11.5
426,Havoysund,NO,2022-02-02 05:47:29,70.9963,24.6622,21.43,79,80,12.21
427,Pokosnoye,RU,2022-02-02 05:47:30,55.5258,101.0536,7.07,85,82,2.53
428,Quimper,FR,2022-02-02 05:43:38,48.0,-4.1,47.23,100,90,10.36
429,Batagay,RU,2022-02-02 05:47:30,67.6333,134.6333,-19.26,99,100,0.81
430,Cockburn Town,TC,2022-02-02 05:47:31,21.4612,-71.1419,75.02,76,37,20.49
431,Kunming,CN,2022-02-02 05:47:31,25.0389,102.7183,58.39,35,23,15.43
432,Balezino,RU,2022-02-02 05:47:32,57.9796,53.0106,25.61,93,100,12.19
433,Sechura,PE,2022-02-02 05:47:32,-5.5569,-80.8222,70.79,77,12,7.54
434,Klaksvik,FO,2022-02-02 05:47:33,62.2266,-6.589,32.92,77,99,13.02
435,Kaltasy,RU,2022-02-02 05:47:33,55.9693,54.8032,25.9,94,100,15.66
436,Bom Jardim,BR,2022-02-02 05:47:34,-7.7958,-35.5872,75.54,88,27,2.3
437,Ishigaki,JP,2022-02-02 05:47:34,24.3448,124.1572,71.73,83,75,4.61
438,Waddan,LY,2022-02-02 05:47:35,29.1614,16.139,42.87,73,67,8.86
439,Komsomolskiy,UZ,2022-02-02 05:47:35,40.4272,71.7189,38.12,65,100,2.3
440,Naica,MX,2022-02-02 05:47:36,27.85,-105.4833,61.5,21,89,11.23
441,Naze,JP,2022-02-02 05:47:36,28.3667,129.4833,54.52,77,100,13.24
442,Puerto Leguizamo,CO,2022-02-02 05:47:37,-0.1934,-74.7819,73.2,82,72,1.28
443,College,US,2022-02-02 05:47:37,64.8569,-147.8028,-0.74,73,0,0.0
444,Bon Accord,CA,2022-02-02 05:47:38,53.8335,-113.4187,-4.02,59,100,6.91
445,Saint-Augustin,CA,2022-02-02 05:47:38,51.226,-58.6502,-21.82,94,14,4.88
446,Pedernales,DO,2022-02-02 05:47:38,18.0384,-71.744,75.0,74,21,3.58
447,Keene,US,2022-02-02 05:47:39,42.9337,-72.2781,29.55,88,100,1.99
448,Kjollefjord,NO,2022-02-02 05:47:40,70.9457,27.3465,21.25,92,0,13.8
449,Aldan,RU,2022-02-02 05:47:40,58.6031,125.3894,-7.44,91,100,5.91
450,Tongzi,CN,2022-02-02 05:47:41,28.7829,105.0877,42.67,86,100,1.68
451,Anadyr,RU,2022-02-02 05:47:41,64.75,177.4833,14.5,62,0,22.37
452,Sosnovo-Ozerskoye,RU,2022-02-02 05:47:42,52.5249,111.5418,-3.71,83,31,6.29
453,Edd,ER,2022-02-02 05:47:42,13.9297,41.6925,78.06,71,84,1.32
454,Orlik,RU,2022-02-02 05:47:43,52.5178,99.825,-0.09,88,49,0.29
455,Kushiro,JP,2022-02-02 05:48:44,42.975,144.3747,32.95,51,75,4.61
456,Acapulco,MX,2022-02-02 05:44:17,16.8634,-99.8901,74.26,76,7,5.26
457,Nantucket,US,2022-02-02 05:48:12,41.2835,-70.0995,37.96,79,40,5.75
458,Camacha,PT,2022-02-02 05:48:45,33.0833,-16.3333,62.02,72,40,18.41
459,Pistoia,IT,2022-02-02 05:48:46,43.9667,10.8333,41.86,68,3,3.0
460,Quatre Cocos,MU,2022-02-02 05:48:46,-20.2078,57.7625,82.51,90,100,36.91
461,San Quintin,MX,2022-02-02 05:48:47,30.4833,-115.95,58.69,64,82,7.99
462,Slave Lake,CA,2022-02-02 05:46:51,55.2834,-114.769,-9.42,77,1,4.61
463,Darhan,MN,2022-02-02 05:48:47,49.4867,105.9228,1.4,80,26,3.65
464,Puerto Rico,AR,2022-02-02 05:48:48,-26.796,-55.024,69.66,48,0,2.04
465,Babati,TZ,2022-02-02 05:48:48,-4.2167,35.75,68.11,80,38,2.53
466,Odweyne,SO,2022-02-02 05:48:48,9.4092,45.064,72.95,45,100,10.22
467,Mahabad,IR,2022-02-02 05:48:49,36.7631,45.7222,27.82,73,18,3.24
468,Malumfashi,NG,2022-02-02 05:48:49,11.7853,7.6218,53.65,21,2,8.5
469,Santiago Del Estero,AR,2022-02-02 05:48:50,-27.7951,-64.2615,79.29,48,99,3.69
470,Meulaboh,ID,2022-02-02 05:48:51,4.1363,96.1285,85.12,63,58,5.86
471,Xiaoweizhai,CN,2022-02-02 05:48:51,26.1903,107.5125,34.93,84,100,5.88
472,Voh,NC,2022-02-02 05:48:52,-20.9667,164.7,83.43,61,36,9.37
473,Gilgit,PK,2022-02-02 05:48:52,35.9221,74.3087,30.7,58,91,0.31
474,Zelenoborskiy,RU,2022-02-02 05:48:53,66.845,32.3622,4.17,97,99,5.5
475,Nago,JP,2022-02-02 05:48:54,26.5881,127.9761,69.87,71,91,10.51
476,Lodja,CD,2022-02-02 05:48:54,-3.4833,23.4333,74.23,80,84,1.34
477,Stephenville,US,2022-02-02 05:48:55,32.2207,-98.2023,54.91,88,0,0.0
478,Harper,LR,2022-02-02 05:48:55,4.375,-7.7169,77.92,82,100,3.8
479,Lavrentiya,RU,2022-02-02 05:48:56,65.5833,-171.0,-0.92,84,1,15.19
480,Noumea,NC,2022-02-02 05:48:57,-22.2763,166.4572,84.18,71,77,7.47
481,Sabha,LY,2022-02-02 05:48:57,27.0377,14.4283,42.37,64,1,9.37
482,Miramar,US,2022-02-02 05:48:57,25.9873,-80.2323,71.01,65,0,9.22
483,Sanmenxia,CN,2022-02-02 05:48:58,34.7747,111.1814,38.86,46,81,4.09
484,Yartsevo,RU,2022-02-02 05:48:58,55.0667,32.6964,20.01,96,100,6.55
485,Prince Rupert,CA,2022-02-02 05:45:15,54.3161,-130.3201,37.09,75,100,3.44
486,Buala,SB,2022-02-02 05:48:59,-8.145,159.5921,84.18,74,40,10.16
487,Tautira,PF,2022-02-02 05:49:00,-17.7333,-149.15,82.42,77,20,17.92
488,Ranong,TH,2022-02-02 05:49:00,9.9658,98.6348,91.33,52,31,3.11
489,Middelburg,ZA,2022-02-02 05:49:00,-25.7751,29.4648,67.69,58,12,3.09
490,Las Cruces,US,2022-02-02 05:48:06,32.3123,-106.7783,56.19,32,75,5.01
491,Novobiryusinskiy,RU,2022-02-02 05:49:01,56.9578,97.7076,9.19,89,92,1.88
492,Redmond,US,2022-02-02 05:49:02,47.674,-122.1215,39.85,86,93,2.39
493,Sungaipenuh,ID,2022-02-02 05:49:02,-2.0833,101.3833,71.37,71,100,2.08
494,Xam Nua,LA,2022-02-02 05:49:03,20.4197,104.0439,70.25,63,78,2.73
495,Umba,RU,2022-02-02 05:49:03,66.6871,34.3429,8.82,92,98,9.53
496,Itamaraca,BR,2022-02-02 05:49:04,-7.7478,-34.8256,82.45,77,35,6.11
497,Bocana De Paiwas,NI,2022-02-02 05:49:04,12.7857,-85.1227,64.24,94,0,2.64
498,Danville,US,2022-02-02 05:45:59,36.586,-79.395,33.22,80,0,0.0
499,Hanyang,CN,2022-02-02 05:49:05,32.1371,105.5126,45.64,44,59,5.03
500,Changping,CN,2022-02-02 05:49:06,40.2186,116.2197,38.84,16,0,6.76
501,Thakurganj,IN,2022-02-02 05:50:06,26.45,88.1333,69.35,46,36,11.52
502,Keti Bandar,PK,2022-02-02 05:50:07,24.1447,67.4497,77.38,60,0,17.13
503,Mana,GF,2022-02-02 05:50:07,5.6592,-53.7767,77.59,77,72,9.86
504,Port Keats,AU,2022-02-02 05:50:08,-14.25,129.55,82.94,79,92,17.69
505,Jaisalmer,IN,2022-02-02 05:50:08,26.9147,70.9181,77.4,25,0,17.96
506,Srivardhan,IN,2022-02-02 05:50:09,18.0333,73.0167,82.09,39,2,5.95
507,Ugoofaaru,MV,2022-02-02 05:50:09,5.6667,73.0,82.74,70,10,17.05
508,Antalaha,MG,2022-02-02 05:50:09,-14.9003,50.2788,81.99,62,97,6.69
509,Iracoubo,GF,2022-02-02 05:50:10,5.4802,-53.2011,77.74,78,93,10.04
510,Palanga,LT,2022-02-02 05:50:10,55.9175,21.0686,30.22,93,100,5.75
511,Ulma,DE,2022-02-02 05:47:01,48.3984,9.9916,41.9,91,97,11.01
512,Egvekinot,RU,2022-02-02 05:50:11,66.3167,-179.1667,-6.48,86,26,19.66
513,Saint-Francois,FR,2022-02-02 05:50:12,46.4154,3.9054,45.84,93,100,10.36
514,Bogovarovo,RU,2022-02-02 05:50:12,58.9785,47.0246,24.55,95,98,8.32
515,Kailua,US,2022-02-02 05:50:13,21.4022,-157.7394,75.18,76,40,6.91
516,Soyo,AO,2022-02-02 05:50:14,-6.1349,12.3689,78.01,83,77,5.95
517,Yinchuan,CN,2022-02-02 05:50:14,38.4681,106.2731,26.8,14,31,0.98
518,Lotofaga,WS,2022-02-02 05:50:15,-13.9764,-171.8578,83.98,82,98,18.88
519,Ludvika,SE,2022-02-02 05:50:15,60.1496,15.1878,15.33,90,99,3.15
520,Grants,US,2022-02-02 05:50:16,35.1473,-107.8514,34.03,69,90,6.91
521,Pervomayskoye,RU,2022-02-02 05:50:16,43.919,46.7102,37.89,86,53,11.97
522,Maniitsoq,GL,2022-02-02 05:50:17,65.4167,-52.9,7.14,82,100,5.06
523,Portland,US,2022-02-02 05:46:33,45.5234,-122.6762,42.37,91,81,1.99
524,Chala,TZ,2022-02-02 05:50:18,-7.5833,31.2667,63.09,91,99,1.9
525,Belaya Gora,RU,2022-02-02 05:50:18,68.5333,146.4167,-8.91,99,100,1.95
526,Esfarayen,IR,2022-02-02 05:50:18,37.0765,57.5101,29.86,48,0,2.1
527,Chimoio,MZ,2022-02-02 05:50:19,-19.1164,33.4833,73.26,94,20,1.19
528,Waslala,NI,2022-02-02 05:50:20,13.2333,-85.3833,64.56,95,21,1.21
529,Dangara,IN,2022-02-02 05:50:20,29.6799,75.8931,65.35,41,13,3.11
530,Cernosice,CZ,2022-02-02 05:50:21,49.9601,14.3198,41.49,74,75,11.01
531,Bembereke,BJ,2022-02-02 05:50:21,10.2283,2.6634,60.67,19,17,5.03
532,Aleksandrov Gay,RU,2022-02-02 05:50:22,50.147,48.5704,28.54,98,100,10.02
533,Olsztyn,PL,2022-02-02 05:50:23,53.7799,20.4942,31.96,99,100,7.47
534,Nhulunbuy,AU,2022-02-02 05:50:23,-12.2333,136.7667,83.01,78,0,13.8
535,Aswan,EG,2022-02-02 05:50:24,24.0934,32.907,45.7,70,0,6.91
536,Sola,VU,2022-02-02 05:50:24,-13.8833,167.55,80.69,78,100,14.92
537,Katangli,RU,2022-02-02 05:50:01,51.7102,143.2326,6.3,79,100,19.26
538,Gravdal,NO,2022-02-02 05:50:25,68.1214,13.5031,26.49,59,0,9.22
539,Mayskiy,RU,2022-02-02 05:50:25,47.6931,40.1025,37.44,99,100,7.67
540,Ichinohe,JP,2022-02-02 05:50:26,40.2069,141.3017,34.36,75,45,12.88
541,Gitarama,RW,2022-02-02 05:50:26,-2.0744,29.7567,60.26,87,100,1.83
542,Victoria,HK,2022-02-02 05:48:07,22.2855,114.1577,64.26,87,100,1.01
